{
	"info": {
		"_postman_id": "90fa7d0a-fa6b-4a01-b8a4-d09f2f0384c8",
		"name": "hackchallenge",
		"schema": "https://schema.getpostman.com/json/collection/v2.1.0/collection.json"
	},
	"item": [
		{
			"name": "create an event",
			"request": {
				"method": "POST",
				"header": [],
				"body": {
					"mode": "raw",
					"raw": "{\n    \"description\": \"Put up the Tree\",\n    \"date\": \"12/15/2021\",\n    \"location\": \"Home\",\n    \"name\": \"Decorations\",\n    \"done\": false\n}",
					"options": {
						"raw": {
							"language": "json"
						}
					}
				},
				"url": {
					"raw": "http://0.0.0.0:5000/events/",
					"protocol": "http",
					"host": [
						"0",
						"0",
						"0",
						"0"
					],
					"port": "5000",
					"path": [
						"events",
						""
					]
				}
			},
			"response": []
		},
		{
			"name": "get all events",
			"request": {
				"method": "GET",
				"header": [],
				"url": {
					"raw": "http://0.0.0.0:5000/events",
					"protocol": "http",
					"host": [
						"0",
						"0",
						"0",
						"0"
					],
					"port": "5000",
					"path": [
						"events"
					]
				}
			},
			"response": []
		},
		{
			"name": "delete an event",
			"request": {
				"method": "DELETE",
				"header": [],
				"body": {
					"mode": "raw",
					"raw": "",
					"options": {
						"raw": {
							"language": "json"
						}
					}
				},
				"url": {
					"raw": "http://0.0.0.0:5000/events/1/",
					"protocol": "http",
					"host": [
						"0",
						"0",
						"0",
						"0"
					],
					"port": "5000",
					"path": [
						"events",
						"1",
						""
					]
				}
			},
			"response": []
		},
		{
			"name": "update event",
			"request": {
				"method": "POST",
				"header": [],
				"body": {
					"mode": "raw",
					"raw": "{\n    \"description\": \"Hang the lights\",\n    \"date\": \"12/03/2021\",\n    \"location\": \"Costco\",\n    \"name\": \"Decorations\",\n    \"done\": true\n}",
					"options": {
						"raw": {
							"language": "json"
						}
					}
				},
				"url": {
					"raw": "http://0.0.0.0:5000/events/2/",
					"protocol": "http",
					"host": [
						"0",
						"0",
						"0",
						"0"
					],
					"port": "5000",
					"path": [
						"events",
						"2",
						""
					]
				}
			},
			"response": []
		},
		{
			"name": "get an event",
			"request": {
				"method": "GET",
				"header": [],
				"url": {
					"raw": "http://0.0.0.0:5000/events/3/",
					"protocol": "http",
					"host": [
						"0",
						"0",
						"0",
						"0"
					],
					"port": "5000",
					"path": [
						"events",
						"3",
						""
					]
				}
			},
			"response": []
		},
		{
			"name": "get joke of the day",
			"protocolProfileBehavior": {
				"disableBodyPruning": true
			},
			"request": {
				"method": "GET",
				"header": [],
				"body": {
					"mode": "raw",
					"raw": "",
					"options": {
						"raw": {
							"language": "json"
						}
					}
				},
				"url": {
					"raw": "http://0.0.0.0:5000/joke/",
					"protocol": "http",
					"host": [
						"0",
						"0",
						"0",
						"0"
					],
					"port": "5000",
					"path": [
						"joke",
						""
					]
				}
			},
			"response": []
		},
		{
			"name": "get task for a specific event",
			"protocolProfileBehavior": {
				"disableBodyPruning": true
			},
			"request": {
				"method": "GET",
				"header": [],
				"body": {
					"mode": "raw",
					"raw": "",
					"options": {
						"raw": {
							"language": "json"
						}
					}
				},
				"url": {
					"raw": "http://0.0.0.0:5000/events/3/tasks/",
					"protocol": "http",
					"host": [
						"0",
						"0",
						"0",
						"0"
					],
					"port": "5000",
					"path": [
						"events",
						"3",
						"tasks",
						""
					]
				}
			},
			"response": []
		},
		{
			"name": "delete a task for a specific event",
			"request": {
				"method": "DELETE",
				"header": [],
				"body": {
					"mode": "raw",
					"raw": "{\n    \"description\": \"Once buy the wreath hang it on the front door\",\n    \"done\" : true\n}",
					"options": {
						"raw": {
							"language": "json"
						}
					}
				},
				"url": {
					"raw": "http://0.0.0.0:5000/events/1/tasks/2/",
					"protocol": "http",
					"host": [
						"0",
						"0",
						"0",
						"0"
					],
					"port": "5000",
					"path": [
						"events",
						"1",
						"tasks",
						"2",
						""
					]
				}
			},
			"response": []
		},
		{
			"name": "create a task for a specific event",
			"request": {
				"method": "POST",
				"header": [],
				"body": {
					"mode": "raw",
					"raw": "{\n    \"description\" : \"After buy wreath, hang on the front door\",\n    \"done\" : false\n}",
					"options": {
						"raw": {
							"language": "json"
						}
					}
				},
				"url": {
					"raw": "http://0.0.0.0:5000/events/3/tasks/",
					"protocol": "http",
					"host": [
						"0",
						"0",
						"0",
						"0"
					],
					"port": "5000",
					"path": [
						"events",
						"3",
						"tasks",
						""
					]
				}
			},
			"response": []
		},
		{
			"name": "update a task for a specfic event",
			"request": {
				"method": "POST",
				"header": [],
				"body": {
					"mode": "raw",
					"raw": "{\n    \"description\" : \"After buy wreath, hang on the front door\",\n    \"done\" : true\n}",
					"options": {
						"raw": {
							"language": "json"
						}
					}
				},
				"url": {
					"raw": "http://0.0.0.0:5000/events/2/tasks/",
					"protocol": "http",
					"host": [
						"0",
						"0",
						"0",
						"0"
					],
					"port": "5000",
					"path": [
						"events",
						"2",
						"tasks",
						""
					]
				}
			},
			"response": []
		},
		{
			"name": "get category for a specific event",
			"request": {
				"method": "POST",
				"header": [],
				"body": {
					"mode": "raw",
					"raw": "{\n    \"description\" : \"only for the holidays\",\n    \"type\" : \"seasonal\"\n}",
					"options": {
						"raw": {
							"language": "json"
						}
					}
				},
				"url": {
					"raw": "http://0.0.0.0:5000/events/3/category/",
					"protocol": "http",
					"host": [
						"0",
						"0",
						"0",
						"0"
					],
					"port": "5000",
					"path": [
						"events",
						"3",
						"category",
						""
					]
				}
			},
			"response": []
		}
	]
}